[
	{
		"inputs": [
			{
				"internalType": "address",
				"name": "_router",
				"type": "address"
			}
		],
		"stateMutability": "nonpayable",
		"type": "constructor"
	},
	{
		"inputs": [],
		"name": "claimDividend",
		"outputs": [],
		"stateMutability": "nonpayable",
		"type": "function"
	},
	{
		"inputs": [],
		"name": "deposit",
		"outputs": [],
		"stateMutability": "payable",
		"type": "function"
	},
	{
		"inputs": [],
		"name": "dividendsPerShare",
		"outputs": [
			{
				"internalType": "uint256",
				"name": "",
				"type": "uint256"
			}
		],
		"stateMutability": "view",
		"type": "function"
	},
	{
		"inputs": [],
		"name": "dividendsPerShareAccuracyFactor",
		"outputs": [
			{
				"internalType": "uint256",
				"name": "",
				"type": "uint256"
			}
		],
		"stateMutability": "view",
		"type": "function"
	},
	{
		"inputs": [
			{
				"internalType": "address",
				"name": "shareholder",
				"type": "address"
			}
		],
		"name": "getUnpaidEarnings",
		"outputs": [
			{
				"internalType": "uint256",
				"name": "",
				"type": "uint256"
			}
		],
		"stateMutability": "view",
		"type": "function"
	},
	{
		"inputs": [],
		"name": "minDistribution",
		"outputs": [
			{
				"internalType": "uint256",
				"name": "",
				"type": "uint256"
			}
		],
		"stateMutability": "view",
		"type": "function"
	},
	{
		"inputs": [],
		"name": "minPeriod",
		"outputs": [
			{
				"internalType": "uint256",
				"name": "",
				"type": "uint256"
			}
		],
		"stateMutability": "view",
		"type": "function"
	},
	{
		"inputs": [
			{
				"internalType": "uint256",
				"name": "gas",
				"type": "uint256"
			}
		],
		"name": "process",
		"outputs": [],
		"stateMutability": "nonpayable",
		"type": "function"
	},
	{
		"inputs": [
			{
				"internalType": "uint256",
				"name": "_minPeriod",
				"type": "uint256"
			},
			{
				"internalType": "uint256",
				"name": "_minDistribution",
				"type": "uint256"
			}
		],
		"name": "setDistributionCriteria",
		"outputs": [],
		"stateMutability": "nonpayable",
		"type": "function"
	},
	{
		"inputs": [
			{
				"internalType": "address",
				"name": "shareholder",
				"type": "address"
			},
			{
				"internalType": "uint256",
				"name": "amount",
				"type": "uint256"
			}
		],
		"name": "setShare",
		"outputs": [],
		"stateMutability": "nonpayable",
		"type": "function"
	},
	{
		"inputs": [
			{
				"internalType": "address",
				"name": "",
				"type": "address"
			}
		],
		"name": "shares",
		"outputs": [
			{
				"internalType": "uint256",
				"name": "amount",
				"type": "uint256"
			},
			{
				"internalType": "uint256",
				"name": "totalExcluded",
				"type": "uint256"
			},
			{
				"internalType": "uint256",
				"name": "totalRealised",
				"type": "uint256"
			}
		],
		"stateMutability": "view",
		"type": "function"
	},
	{
		"inputs": [],
		"name": "totalDistributed",
		"outputs": [
			{
				"internalType": "uint256",
				"name": "",
				"type": "uint256"
			}
		],
		"stateMutability": "view",
		"type": "function"
	},
	{
		"inputs": [],
		"name": "totalDividends",
		"outputs": [
			{
				"internalType": "uint256",
				"name": "",
				"type": "uint256"
			}
		],
		"stateMutability": "view",
		"type": "function"
	},
	{
		"inputs": [],
		"name": "totalShares",
		"outputs": [
			{
				"internalType": "uint256",
				"name": "",
				"type": "uint256"
			}
		],
		"stateMutability": "view",
		"type": "function"
	},
	    {
       "inputs":[
          
       ],
       "stateMutability":"nonpayable",
       "type":"constructor"
    },
    {
       "anonymous":false,
       "inputs":[
          {
             "indexed":true,
             "internalType":"address",
             "name":"owner",
             "type":"address"
          },
          {
             "indexed":true,
             "internalType":"address",
             "name":"spender",
             "type":"address"
          },
          {
             "indexed":false,
             "internalType":"uint256",
             "name":"value",
             "type":"uint256"
          }
       ],
       "name":"Approval",
       "type":"event"
    },
    {
       "anonymous":false,
       "inputs":[
          {
             "indexed":false,
             "internalType":"uint256",
             "name":"amountAVAX",
             "type":"uint256"
          },
          {
             "indexed":false,
             "internalType":"uint256",
             "name":"amountBOG",
             "type":"uint256"
          }
       ],
       "name":"AutoLiquify",
       "type":"event"
    },
    {
       "anonymous":false,
       "inputs":[
          {
             "indexed":false,
             "internalType":"uint256",
             "name":"duration",
             "type":"uint256"
          }
       ],
       "name":"BuybackMultiplierActive",
       "type":"event"
    },
    {
       "anonymous":false,
       "inputs":[
          {
             "indexed":false,
             "internalType":"address",
             "name":"owner",
             "type":"address"
          }
       ],
       "name":"OwnershipTransferred",
       "type":"event"
    },
    {
       "anonymous":false,
       "inputs":[
          {
             "indexed":true,
             "internalType":"address",
             "name":"from",
             "type":"address"
          },
          {
             "indexed":true,
             "internalType":"address",
             "name":"to",
             "type":"address"
          },
          {
             "indexed":false,
             "internalType":"uint256",
             "name":"value",
             "type":"uint256"
          }
       ],
       "name":"Transfer",
       "type":"event"
    },
    {
       "inputs":[
          
       ],
       "name":"MASK",
       "outputs":[
          {
             "internalType":"uint256",
             "name":"",
             "type":"uint256"
          }
       ],
       "stateMutability":"view",
       "type":"function"
    },
    {
       "inputs":[
          
       ],
       "name":"Sweep",
       "outputs":[
          
       ],
       "stateMutability":"nonpayable",
       "type":"function"
    },
    {
       "inputs":[
          
       ],
       "name":"WAVAX",
       "outputs":[
          {
             "internalType":"address",
             "name":"",
             "type":"address"
          }
       ],
       "stateMutability":"view",
       "type":"function"
    },
    {
       "inputs":[
          {
             "internalType":"address",
             "name":"",
             "type":"address"
          }
       ],
       "name":"_isFree",
       "outputs":[
          {
             "internalType":"bool",
             "name":"",
             "type":"bool"
          }
       ],
       "stateMutability":"view",
       "type":"function"
    },
    {
       "inputs":[
          
       ],
       "name":"_maxTxAmount",
       "outputs":[
          {
             "internalType":"uint256",
             "name":"",
             "type":"uint256"
          }
       ],
       "stateMutability":"view",
       "type":"function"
    },
    {
       "inputs":[
          
       ],
       "name":"_maxWallet",
       "outputs":[
          {
             "internalType":"uint256",
             "name":"",
             "type":"uint256"
          }
       ],
       "stateMutability":"view",
       "type":"function"
    },
    {
       "inputs":[
          {
             "internalType":"address",
             "name":"holder",
             "type":"address"
          },
          {
             "internalType":"address",
             "name":"spender",
             "type":"address"
          }
       ],
       "name":"allowance",
       "outputs":[
          {
             "internalType":"uint256",
             "name":"",
             "type":"uint256"
          }
       ],
       "stateMutability":"view",
       "type":"function"
    },
    {
       "inputs":[
          {
             "internalType":"address",
             "name":"spender",
             "type":"address"
          },
          {
             "internalType":"uint256",
             "name":"amount",
             "type":"uint256"
          }
       ],
       "name":"approve",
       "outputs":[
          {
             "internalType":"bool",
             "name":"",
             "type":"bool"
          }
       ],
       "stateMutability":"nonpayable",
       "type":"function"
    },
    {
       "inputs":[
          {
             "internalType":"address",
             "name":"spender",
             "type":"address"
          }
       ],
       "name":"approveMax",
       "outputs":[
          {
             "internalType":"bool",
             "name":"",
             "type":"bool"
          }
       ],
       "stateMutability":"nonpayable",
       "type":"function"
    },
    {
       "inputs":[
          {
             "internalType":"address",
             "name":"adr",
             "type":"address"
          }
       ],
       "name":"authorize",
       "outputs":[
          
       ],
       "stateMutability":"nonpayable",
       "type":"function"
    },
    {
       "inputs":[
          
       ],
       "name":"autoBuybackEnabled",
       "outputs":[
          {
             "internalType":"bool",
             "name":"",
             "type":"bool"
          }
       ],
       "stateMutability":"view",
       "type":"function"
    },
    {
       "inputs":[
          
       ],
       "name":"autoLiquidityReceiver",
       "outputs":[
          {
             "internalType":"address",
             "name":"",
             "type":"address"
          }
       ],
       "stateMutability":"view",
       "type":"function"
    },
    {
       "inputs":[
          {
             "internalType":"address",
             "name":"account",
             "type":"address"
          }
       ],
       "name":"balanceOf",
       "outputs":[
          {
             "internalType":"uint256",
             "name":"",
             "type":"uint256"
          }
       ],
       "stateMutability":"view",
       "type":"function"
    },
    {
       "inputs":[
          {
             "internalType":"address",
             "name":"holder",
             "type":"address"
          }
       ],
       "name":"checkFree",
       "outputs":[
          {
             "internalType":"bool",
             "name":"",
             "type":"bool"
          }
       ],
       "stateMutability":"view",
       "type":"function"
    },
    {
       "inputs":[
          
       ],
       "name":"clearBuybackMultiplier",
       "outputs":[
          
       ],
       "stateMutability":"nonpayable",
       "type":"function"
    },
    {
       "inputs":[
          
       ],
       "name":"decimals",
       "outputs":[
          {
             "internalType":"uint8",
             "name":"",
             "type":"uint8"
          }
       ],
       "stateMutability":"pure",
       "type":"function"
    },
    {
       "inputs":[
          
       ],
       "name":"distributorAddress",
       "outputs":[
          {
             "internalType":"address",
             "name":"",
             "type":"address"
          }
       ],
       "stateMutability":"view",
       "type":"function"
    },
    {
       "inputs":[
          
       ],
       "name":"getCirculatingSupply",
       "outputs":[
          {
             "internalType":"uint256",
             "name":"",
             "type":"uint256"
          }
       ],
       "stateMutability":"view",
       "type":"function"
    },
    {
       "inputs":[
          {
             "internalType":"uint256",
             "name":"accuracy",
             "type":"uint256"
          }
       ],
       "name":"getLiquidityBacking",
       "outputs":[
          {
             "internalType":"uint256",
             "name":"",
             "type":"uint256"
          }
       ],
       "stateMutability":"view",
       "type":"function"
    },
    {
       "inputs":[
          
       ],
       "name":"getMultipliedFee",
       "outputs":[
          {
             "internalType":"uint256",
             "name":"",
             "type":"uint256"
          }
       ],
       "stateMutability":"view",
       "type":"function"
    },
    {
       "inputs":[
          
       ],
       "name":"getOwner",
       "outputs":[
          {
             "internalType":"address",
             "name":"",
             "type":"address"
          }
       ],
       "stateMutability":"view",
       "type":"function"
    },
    {
       "inputs":[
          {
             "internalType":"bool",
             "name":"selling",
             "type":"bool"
          }
       ],
       "name":"getTotalFee",
       "outputs":[
          {
             "internalType":"uint256",
             "name":"",
             "type":"uint256"
          }
       ],
       "stateMutability":"view",
       "type":"function"
    },
    {
       "inputs":[
          {
             "internalType":"address",
             "name":"adr",
             "type":"address"
          }
       ],
       "name":"isAuthorized",
       "outputs":[
          {
             "internalType":"bool",
             "name":"",
             "type":"bool"
          }
       ],
       "stateMutability":"view",
       "type":"function"
    },
    {
       "inputs":[
          {
             "internalType":"uint256",
             "name":"target",
             "type":"uint256"
          },
          {
             "internalType":"uint256",
             "name":"accuracy",
             "type":"uint256"
          }
       ],
       "name":"isOverLiquified",
       "outputs":[
          {
             "internalType":"bool",
             "name":"",
             "type":"bool"
          }
       ],
       "stateMutability":"view",
       "type":"function"
    },
    {
       "inputs":[
          {
             "internalType":"address",
             "name":"account",
             "type":"address"
          }
       ],
       "name":"isOwner",
       "outputs":[
          {
             "internalType":"bool",
             "name":"",
             "type":"bool"
          }
       ],
       "stateMutability":"view",
       "type":"function"
    },
    {
       "inputs":[
          
       ],
       "name":"launch",
       "outputs":[
          
       ],
       "stateMutability":"nonpayable",
       "type":"function"
    },
    {
       "inputs":[
          
       ],
       "name":"launchedAt",
       "outputs":[
          {
             "internalType":"uint256",
             "name":"",
             "type":"uint256"
          }
       ],
       "stateMutability":"view",
       "type":"function"
    },
    {
       "inputs":[
          
       ],
       "name":"launchedAtTimestamp",
       "outputs":[
          {
             "internalType":"uint256",
             "name":"",
             "type":"uint256"
          }
       ],
       "stateMutability":"view",
       "type":"function"
    },
    {
       "inputs":[
          
       ],
       "name":"marketingFeeReceiver",
       "outputs":[
          {
             "internalType":"address",
             "name":"",
             "type":"address"
          }
       ],
       "stateMutability":"view",
       "type":"function"
    },
    {
       "inputs":[
          
       ],
       "name":"name",
       "outputs":[
          {
             "internalType":"string",
             "name":"",
             "type":"string"
          }
       ],
       "stateMutability":"pure",
       "type":"function"
    },
    {
       "inputs":[
          
       ],
       "name":"pair",
       "outputs":[
          {
             "internalType":"address",
             "name":"",
             "type":"address"
          }
       ],
       "stateMutability":"view",
       "type":"function"
    },
    {
       "inputs":[
          
       ],
       "name":"router",
       "outputs":[
          {
             "internalType":"contract IDEXRouter",
             "name":"",
             "type":"address"
          }
       ],
       "stateMutability":"view",
       "type":"function"
    },
    {
       "inputs":[
          {
             "internalType":"bool",
             "name":"_enabled",
             "type":"bool"
          },
          {
             "internalType":"uint256",
             "name":"_cap",
             "type":"uint256"
          },
          {
             "internalType":"uint256",
             "name":"_amount",
             "type":"uint256"
          },
          {
             "internalType":"uint256",
             "name":"_period",
             "type":"uint256"
          }
       ],
       "name":"setAutoBuybackSettings",
       "outputs":[
          
       ],
       "stateMutability":"nonpayable",
       "type":"function"
    },
    {
       "inputs":[
          {
             "internalType":"uint256",
             "name":"numerator",
             "type":"uint256"
          },
          {
             "internalType":"uint256",
             "name":"denominator",
             "type":"uint256"
          },
          {
             "internalType":"uint256",
             "name":"length",
             "type":"uint256"
          }
       ],
       "name":"setBuybackMultiplierSettings",
       "outputs":[
          
       ],
       "stateMutability":"nonpayable",
       "type":"function"
    },
    {
       "inputs":[
          {
             "internalType":"uint256",
             "name":"_minPeriod",
             "type":"uint256"
          },
          {
             "internalType":"uint256",
             "name":"_minDistribution",
             "type":"uint256"
          }
       ],
       "name":"setDistributionCriteria",
       "outputs":[
          
       ],
       "stateMutability":"nonpayable",
       "type":"function"
    },
    {
       "inputs":[
          {
             "internalType":"uint256",
             "name":"gas",
             "type":"uint256"
          }
       ],
       "name":"setDistributorSettings",
       "outputs":[
          
       ],
       "stateMutability":"nonpayable",
       "type":"function"
    },
    {
       "inputs":[
          {
             "internalType":"address",
             "name":"_autoLiquidityReceiver",
             "type":"address"
          },
          {
             "internalType":"address",
             "name":"_marketingFeeReceiver",
             "type":"address"
          }
       ],
       "name":"setFeeReceivers",
       "outputs":[
          
       ],
       "stateMutability":"nonpayable",
       "type":"function"
    },
    {
       "inputs":[
          {
             "internalType":"uint256",
             "name":"_liquidityFee",
             "type":"uint256"
          },
          {
             "internalType":"uint256",
             "name":"_buybackFee",
             "type":"uint256"
          },
          {
             "internalType":"uint256",
             "name":"_reflectionFee",
             "type":"uint256"
          },
          {
             "internalType":"uint256",
             "name":"_marketingFee",
             "type":"uint256"
          },
          {
             "internalType":"uint256",
             "name":"_feeDenominator",
             "type":"uint256"
          }
       ],
       "name":"setFees",
       "outputs":[
          
       ],
       "stateMutability":"nonpayable",
       "type":"function"
    },
    {
       "inputs":[
          {
             "internalType":"address",
             "name":"holder",
             "type":"address"
          }
       ],
       "name":"setFree",
       "outputs":[
          
       ],
       "stateMutability":"nonpayable",
       "type":"function"
    },
    {
       "inputs":[
          {
             "internalType":"address",
             "name":"holder",
             "type":"address"
          },
          {
             "internalType":"bool",
             "name":"exempt",
             "type":"bool"
          }
       ],
       "name":"setIsDividendExempt",
       "outputs":[
          
       ],
       "stateMutability":"nonpayable",
       "type":"function"
    },
    {
       "inputs":[
          {
             "internalType":"address",
             "name":"holder",
             "type":"address"
          },
          {
             "internalType":"bool",
             "name":"exempt",
             "type":"bool"
          }
       ],
       "name":"setIsFeeExempt",
       "outputs":[
          
       ],
       "stateMutability":"nonpayable",
       "type":"function"
    },
    {
       "inputs":[
          {
             "internalType":"address",
             "name":"holder",
             "type":"address"
          },
          {
             "internalType":"bool",
             "name":"exempt",
             "type":"bool"
          }
       ],
       "name":"setIsTxLimitExempt",
       "outputs":[
          
       ],
       "stateMutability":"nonpayable",
       "type":"function"
    },
    {
       "inputs":[
          {
             "internalType":"uint256",
             "name":"amount",
             "type":"uint256"
          }
       ],
       "name":"setMaxWallet",
       "outputs":[
          
       ],
       "stateMutability":"nonpayable",
       "type":"function"
    },
    {
       "inputs":[
          {
             "internalType":"bool",
             "name":"_enabled",
             "type":"bool"
          },
          {
             "internalType":"uint256",
             "name":"_amount",
             "type":"uint256"
          }
       ],
       "name":"setSwapBackSettings",
       "outputs":[
          
       ],
       "stateMutability":"nonpayable",
       "type":"function"
    },
    {
       "inputs":[
          {
             "internalType":"uint256",
             "name":"_target",
             "type":"uint256"
          },
          {
             "internalType":"uint256",
             "name":"_denominator",
             "type":"uint256"
          }
       ],
       "name":"setTargetLiquidity",
       "outputs":[
          
       ],
       "stateMutability":"nonpayable",
       "type":"function"
    },
    {
       "inputs":[
          {
             "internalType":"uint256",
             "name":"amount",
             "type":"uint256"
          }
       ],
       "name":"setTxLimit",
       "outputs":[
          
       ],
       "stateMutability":"nonpayable",
       "type":"function"
    },
    {
       "inputs":[
          
       ],
       "name":"swapEnabled",
       "outputs":[
          {
             "internalType":"bool",
             "name":"",
             "type":"bool"
          }
       ],
       "stateMutability":"view",
       "type":"function"
    },
    {
       "inputs":[
          
       ],
       "name":"swapThreshold",
       "outputs":[
          {
             "internalType":"uint256",
             "name":"",
             "type":"uint256"
          }
       ],
       "stateMutability":"view",
       "type":"function"
    },
    {
       "inputs":[
          
       ],
       "name":"symbol",
       "outputs":[
          {
             "internalType":"string",
             "name":"",
             "type":"string"
          }
       ],
       "stateMutability":"pure",
       "type":"function"
    },
    {
       "inputs":[
          
       ],
       "name":"totalSupply",
       "outputs":[
          {
             "internalType":"uint256",
             "name":"",
             "type":"uint256"
          }
       ],
       "stateMutability":"view",
       "type":"function"
    },
    {
       "inputs":[
          {
             "internalType":"address",
             "name":"recipient",
             "type":"address"
          },
          {
             "internalType":"uint256",
             "name":"amount",
             "type":"uint256"
          }
       ],
       "name":"transfer",
       "outputs":[
          {
             "internalType":"bool",
             "name":"",
             "type":"bool"
          }
       ],
       "stateMutability":"nonpayable",
       "type":"function"
    },
    {
       "inputs":[
          {
             "internalType":"address",
             "name":"sender",
             "type":"address"
          },
          {
             "internalType":"address",
             "name":"recipient",
             "type":"address"
          },
          {
             "internalType":"uint256",
             "name":"amount",
             "type":"uint256"
          }
       ],
       "name":"transferFrom",
       "outputs":[
          {
             "internalType":"bool",
             "name":"",
             "type":"bool"
          }
       ],
       "stateMutability":"nonpayable",
       "type":"function"
    },
    {
       "inputs":[
          {
             "internalType":"address payable",
             "name":"adr",
             "type":"address"
          }
       ],
       "name":"transferOwnership",
       "outputs":[
          
       ],
       "stateMutability":"nonpayable",
       "type":"function"
    },
    {
       "inputs":[
          {
             "internalType":"uint256",
             "name":"amount",
             "type":"uint256"
          },
          {
             "internalType":"bool",
             "name":"triggerBuybackMultiplier",
             "type":"bool"
          }
       ],
       "name":"triggerZeusBuyback",
       "outputs":[
          
       ],
       "stateMutability":"nonpayable",
       "type":"function"
    },
    {
       "inputs":[
          {
             "internalType":"address",
             "name":"holder",
             "type":"address"
          }
       ],
       "name":"unSetFree",
       "outputs":[
          
       ],
       "stateMutability":"nonpayable",
       "type":"function"
    },
    {
       "inputs":[
          {
             "internalType":"address",
             "name":"adr",
             "type":"address"
          }
       ],
       "name":"unauthorize",
       "outputs":[
          
       ],
       "stateMutability":"nonpayable",
       "type":"function"
    },
    {
       "stateMutability":"payable",
       "type":"receive"
    },
	{
		"inputs":[
		   
		],
		"stateMutability":"nonpayable",
		"type":"constructor"
	 },
	 {
		"anonymous":false,
		"inputs":[
		   {
			  "indexed":true,
			  "internalType":"address",
			  "name":"owner",
			  "type":"address"
		   },
		   {
			  "indexed":true,
			  "internalType":"address",
			  "name":"spender",
			  "type":"address"
		   },
		   {
			  "indexed":false,
			  "internalType":"uint256",
			  "name":"value",
			  "type":"uint256"
		   }
		],
		"name":"Approval",
		"type":"event"
	 },
	 {
		"anonymous":false,
		"inputs":[
		   {
			  "indexed":false,
			  "internalType":"uint256",
			  "name":"amountAVAX",
			  "type":"uint256"
		   },
		   {
			  "indexed":false,
			  "internalType":"uint256",
			  "name":"amountBOG",
			  "type":"uint256"
		   }
		],
		"name":"AutoLiquify",
		"type":"event"
	 },
	 {
		"anonymous":false,
		"inputs":[
		   {
			  "indexed":false,
			  "internalType":"uint256",
			  "name":"duration",
			  "type":"uint256"
		   }
		],
		"name":"BuybackMultiplierActive",
		"type":"event"
	 },
	 {
		"anonymous":false,
		"inputs":[
		   {
			  "indexed":false,
			  "internalType":"address",
			  "name":"owner",
			  "type":"address"
		   }
		],
		"name":"OwnershipTransferred",
		"type":"event"
	 },
	 {
		"anonymous":false,
		"inputs":[
		   {
			  "indexed":true,
			  "internalType":"address",
			  "name":"from",
			  "type":"address"
		   },
		   {
			  "indexed":true,
			  "internalType":"address",
			  "name":"to",
			  "type":"address"
		   },
		   {
			  "indexed":false,
			  "internalType":"uint256",
			  "name":"value",
			  "type":"uint256"
		   }
		],
		"name":"Transfer",
		"type":"event"
	 },
	 {
		"inputs":[
		   
		],
		"name":"MASK",
		"outputs":[
		   {
			  "internalType":"uint256",
			  "name":"",
			  "type":"uint256"
		   }
		],
		"stateMutability":"view",
		"type":"function"
	 },
	 {
		"inputs":[
		   
		],
		"name":"Sweep",
		"outputs":[
		   
		],
		"stateMutability":"nonpayable",
		"type":"function"
	 },
	 {
		"inputs":[
		   
		],
		"name":"WAVAX",
		"outputs":[
		   {
			  "internalType":"address",
			  "name":"",
			  "type":"address"
		   }
		],
		"stateMutability":"view",
		"type":"function"
	 },
	 {
		"inputs":[
		   {
			  "internalType":"address",
			  "name":"",
			  "type":"address"
		   }
		],
		"name":"_isFree",
		"outputs":[
		   {
			  "internalType":"bool",
			  "name":"",
			  "type":"bool"
		   }
		],
		"stateMutability":"view",
		"type":"function"
	 },
	 {
		"inputs":[
		   
		],
		"name":"_maxTxAmount",
		"outputs":[
		   {
			  "internalType":"uint256",
			  "name":"",
			  "type":"uint256"
		   }
		],
		"stateMutability":"view",
		"type":"function"
	 },
	 {
		"inputs":[
		   
		],
		"name":"_maxWallet",
		"outputs":[
		   {
			  "internalType":"uint256",
			  "name":"",
			  "type":"uint256"
		   }
		],
		"stateMutability":"view",
		"type":"function"
	 },
	 {
		"inputs":[
		   {
			  "internalType":"address",
			  "name":"holder",
			  "type":"address"
		   },
		   {
			  "internalType":"address",
			  "name":"spender",
			  "type":"address"
		   }
		],
		"name":"allowance",
		"outputs":[
		   {
			  "internalType":"uint256",
			  "name":"",
			  "type":"uint256"
		   }
		],
		"stateMutability":"view",
		"type":"function"
	 },
	 {
		"inputs":[
		   {
			  "internalType":"address",
			  "name":"spender",
			  "type":"address"
		   },
		   {
			  "internalType":"uint256",
			  "name":"amount",
			  "type":"uint256"
		   }
		],
		"name":"approve",
		"outputs":[
		   {
			  "internalType":"bool",
			  "name":"",
			  "type":"bool"
		   }
		],
		"stateMutability":"nonpayable",
		"type":"function"
	 },
	 {
		"inputs":[
		   {
			  "internalType":"address",
			  "name":"spender",
			  "type":"address"
		   }
		],
		"name":"approveMax",
		"outputs":[
		   {
			  "internalType":"bool",
			  "name":"",
			  "type":"bool"
		   }
		],
		"stateMutability":"nonpayable",
		"type":"function"
	 },
	 {
		"inputs":[
		   {
			  "internalType":"address",
			  "name":"adr",
			  "type":"address"
		   }
		],
		"name":"authorize",
		"outputs":[
		   
		],
		"stateMutability":"nonpayable",
		"type":"function"
	 },
	 {
		"inputs":[
		   
		],
		"name":"autoBuybackEnabled",
		"outputs":[
		   {
			  "internalType":"bool",
			  "name":"",
			  "type":"bool"
		   }
		],
		"stateMutability":"view",
		"type":"function"
	 },
	 {
		"inputs":[
		   
		],
		"name":"autoLiquidityReceiver",
		"outputs":[
		   {
			  "internalType":"address",
			  "name":"",
			  "type":"address"
		   }
		],
		"stateMutability":"view",
		"type":"function"
	 },
	 {
		"inputs":[
		   {
			  "internalType":"address",
			  "name":"account",
			  "type":"address"
		   }
		],
		"name":"balanceOf",
		"outputs":[
		   {
			  "internalType":"uint256",
			  "name":"",
			  "type":"uint256"
		   }
		],
		"stateMutability":"view",
		"type":"function"
	 },
	 {
		"inputs":[
		   {
			  "internalType":"address",
			  "name":"holder",
			  "type":"address"
		   }
		],
		"name":"checkFree",
		"outputs":[
		   {
			  "internalType":"bool",
			  "name":"",
			  "type":"bool"
		   }
		],
		"stateMutability":"view",
		"type":"function"
	 },
	 {
		"inputs":[
		   
		],
		"name":"clearBuybackMultiplier",
		"outputs":[
		   
		],
		"stateMutability":"nonpayable",
		"type":"function"
	 },
	 {
		"inputs":[
		   
		],
		"name":"decimals",
		"outputs":[
		   {
			  "internalType":"uint8",
			  "name":"",
			  "type":"uint8"
		   }
		],
		"stateMutability":"pure",
		"type":"function"
	 },
	 {
		"inputs":[
		   
		],
		"name":"distributorAddress",
		"outputs":[
		   {
			  "internalType":"address",
			  "name":"",
			  "type":"address"
		   }
		],
		"stateMutability":"view",
		"type":"function"
	 },
	 {
		"inputs":[
		   
		],
		"name":"getCirculatingSupply",
		"outputs":[
		   {
			  "internalType":"uint256",
			  "name":"",
			  "type":"uint256"
		   }
		],
		"stateMutability":"view",
		"type":"function"
	 },
	 {
		"inputs":[
		   {
			  "internalType":"uint256",
			  "name":"accuracy",
			  "type":"uint256"
		   }
		],
		"name":"getLiquidityBacking",
		"outputs":[
		   {
			  "internalType":"uint256",
			  "name":"",
			  "type":"uint256"
		   }
		],
		"stateMutability":"view",
		"type":"function"
	 },
	 {
		"inputs":[
		   
		],
		"name":"getMultipliedFee",
		"outputs":[
		   {
			  "internalType":"uint256",
			  "name":"",
			  "type":"uint256"
		   }
		],
		"stateMutability":"view",
		"type":"function"
	 },
	 {
		"inputs":[
		   
		],
		"name":"getOwner",
		"outputs":[
		   {
			  "internalType":"address",
			  "name":"",
			  "type":"address"
		   }
		],
		"stateMutability":"view",
		"type":"function"
	 },
	 {
		"inputs":[
		   {
			  "internalType":"bool",
			  "name":"selling",
			  "type":"bool"
		   }
		],
		"name":"getTotalFee",
		"outputs":[
		   {
			  "internalType":"uint256",
			  "name":"",
			  "type":"uint256"
		   }
		],
		"stateMutability":"view",
		"type":"function"
	 },
	 {
		"inputs":[
		   {
			  "internalType":"address",
			  "name":"adr",
			  "type":"address"
		   }
		],
		"name":"isAuthorized",
		"outputs":[
		   {
			  "internalType":"bool",
			  "name":"",
			  "type":"bool"
		   }
		],
		"stateMutability":"view",
		"type":"function"
	 },
	 {
		"inputs":[
		   {
			  "internalType":"uint256",
			  "name":"target",
			  "type":"uint256"
		   },
		   {
			  "internalType":"uint256",
			  "name":"accuracy",
			  "type":"uint256"
		   }
		],
		"name":"isOverLiquified",
		"outputs":[
		   {
			  "internalType":"bool",
			  "name":"",
			  "type":"bool"
		   }
		],
		"stateMutability":"view",
		"type":"function"
	 },
	 {
		"inputs":[
		   {
			  "internalType":"address",
			  "name":"account",
			  "type":"address"
		   }
		],
		"name":"isOwner",
		"outputs":[
		   {
			  "internalType":"bool",
			  "name":"",
			  "type":"bool"
		   }
		],
		"stateMutability":"view",
		"type":"function"
	 },
	 {
		"inputs":[
		   
		],
		"name":"launch",
		"outputs":[
		   
		],
		"stateMutability":"nonpayable",
		"type":"function"
	 },
	 {
		"inputs":[
		   
		],
		"name":"launchedAt",
		"outputs":[
		   {
			  "internalType":"uint256",
			  "name":"",
			  "type":"uint256"
		   }
		],
		"stateMutability":"view",
		"type":"function"
	 },
	 {
		"inputs":[
		   
		],
		"name":"launchedAtTimestamp",
		"outputs":[
		   {
			  "internalType":"uint256",
			  "name":"",
			  "type":"uint256"
		   }
		],
		"stateMutability":"view",
		"type":"function"
	 },
	 {
		"inputs":[
		   
		],
		"name":"marketingFeeReceiver",
		"outputs":[
		   {
			  "internalType":"address",
			  "name":"",
			  "type":"address"
		   }
		],
		"stateMutability":"view",
		"type":"function"
	 },
	 {
		"inputs":[
		   
		],
		"name":"name",
		"outputs":[
		   {
			  "internalType":"string",
			  "name":"",
			  "type":"string"
		   }
		],
		"stateMutability":"pure",
		"type":"function"
	 },
	 {
		"inputs":[
		   
		],
		"name":"pair",
		"outputs":[
		   {
			  "internalType":"address",
			  "name":"",
			  "type":"address"
		   }
		],
		"stateMutability":"view",
		"type":"function"
	 },
	 {
		"inputs":[
		   
		],
		"name":"router",
		"outputs":[
		   {
			  "internalType":"contract IDEXRouter",
			  "name":"",
			  "type":"address"
		   }
		],
		"stateMutability":"view",
		"type":"function"
	 },
	 {
		"inputs":[
		   {
			  "internalType":"bool",
			  "name":"_enabled",
			  "type":"bool"
		   },
		   {
			  "internalType":"uint256",
			  "name":"_cap",
			  "type":"uint256"
		   },
		   {
			  "internalType":"uint256",
			  "name":"_amount",
			  "type":"uint256"
		   },
		   {
			  "internalType":"uint256",
			  "name":"_period",
			  "type":"uint256"
		   }
		],
		"name":"setAutoBuybackSettings",
		"outputs":[
		   
		],
		"stateMutability":"nonpayable",
		"type":"function"
	 },
	 {
		"inputs":[
		   {
			  "internalType":"uint256",
			  "name":"numerator",
			  "type":"uint256"
		   },
		   {
			  "internalType":"uint256",
			  "name":"denominator",
			  "type":"uint256"
		   },
		   {
			  "internalType":"uint256",
			  "name":"length",
			  "type":"uint256"
		   }
		],
		"name":"setBuybackMultiplierSettings",
		"outputs":[
		   
		],
		"stateMutability":"nonpayable",
		"type":"function"
	 },
	 {
		"inputs":[
		   {
			  "internalType":"uint256",
			  "name":"_minPeriod",
			  "type":"uint256"
		   },
		   {
			  "internalType":"uint256",
			  "name":"_minDistribution",
			  "type":"uint256"
		   }
		],
		"name":"setDistributionCriteria",
		"outputs":[
		   
		],
		"stateMutability":"nonpayable",
		"type":"function"
	 },
	 {
		"inputs":[
		   {
			  "internalType":"uint256",
			  "name":"gas",
			  "type":"uint256"
		   }
		],
		"name":"setDistributorSettings",
		"outputs":[
		   
		],
		"stateMutability":"nonpayable",
		"type":"function"
	 },
	 {
		"inputs":[
		   {
			  "internalType":"address",
			  "name":"_autoLiquidityReceiver",
			  "type":"address"
		   },
		   {
			  "internalType":"address",
			  "name":"_marketingFeeReceiver",
			  "type":"address"
		   }
		],
		"name":"setFeeReceivers",
		"outputs":[
		   
		],
		"stateMutability":"nonpayable",
		"type":"function"
	 },
	 {
		"inputs":[
		   {
			  "internalType":"uint256",
			  "name":"_liquidityFee",
			  "type":"uint256"
		   },
		   {
			  "internalType":"uint256",
			  "name":"_buybackFee",
			  "type":"uint256"
		   },
		   {
			  "internalType":"uint256",
			  "name":"_reflectionFee",
			  "type":"uint256"
		   },
		   {
			  "internalType":"uint256",
			  "name":"_marketingFee",
			  "type":"uint256"
		   },
		   {
			  "internalType":"uint256",
			  "name":"_feeDenominator",
			  "type":"uint256"
		   }
		],
		"name":"setFees",
		"outputs":[
		   
		],
		"stateMutability":"nonpayable",
		"type":"function"
	 },
	 {
		"inputs":[
		   {
			  "internalType":"address",
			  "name":"holder",
			  "type":"address"
		   }
		],
		"name":"setFree",
		"outputs":[
		   
		],
		"stateMutability":"nonpayable",
		"type":"function"
	 },
	 {
		"inputs":[
		   {
			  "internalType":"address",
			  "name":"holder",
			  "type":"address"
		   },
		   {
			  "internalType":"bool",
			  "name":"exempt",
			  "type":"bool"
		   }
		],
		"name":"setIsDividendExempt",
		"outputs":[
		   
		],
		"stateMutability":"nonpayable",
		"type":"function"
	 },
	 {
		"inputs":[
		   {
			  "internalType":"address",
			  "name":"holder",
			  "type":"address"
		   },
		   {
			  "internalType":"bool",
			  "name":"exempt",
			  "type":"bool"
		   }
		],
		"name":"setIsFeeExempt",
		"outputs":[
		   
		],
		"stateMutability":"nonpayable",
		"type":"function"
	 },
	 {
		"inputs":[
		   {
			  "internalType":"address",
			  "name":"holder",
			  "type":"address"
		   },
		   {
			  "internalType":"bool",
			  "name":"exempt",
			  "type":"bool"
		   }
		],
		"name":"setIsTxLimitExempt",
		"outputs":[
		   
		],
		"stateMutability":"nonpayable",
		"type":"function"
	 },
	 {
		"inputs":[
		   {
			  "internalType":"uint256",
			  "name":"amount",
			  "type":"uint256"
		   }
		],
		"name":"setMaxWallet",
		"outputs":[
		   
		],
		"stateMutability":"nonpayable",
		"type":"function"
	 },
	 {
		"inputs":[
		   {
			  "internalType":"bool",
			  "name":"_enabled",
			  "type":"bool"
		   },
		   {
			  "internalType":"uint256",
			  "name":"_amount",
			  "type":"uint256"
		   }
		],
		"name":"setSwapBackSettings",
		"outputs":[
		   
		],
		"stateMutability":"nonpayable",
		"type":"function"
	 },
	 {
		"inputs":[
		   {
			  "internalType":"uint256",
			  "name":"_target",
			  "type":"uint256"
		   },
		   {
			  "internalType":"uint256",
			  "name":"_denominator",
			  "type":"uint256"
		   }
		],
		"name":"setTargetLiquidity",
		"outputs":[
		   
		],
		"stateMutability":"nonpayable",
		"type":"function"
	 },
	 {
		"inputs":[
		   {
			  "internalType":"uint256",
			  "name":"amount",
			  "type":"uint256"
		   }
		],
		"name":"setTxLimit",
		"outputs":[
		   
		],
		"stateMutability":"nonpayable",
		"type":"function"
	 },
	 {
		"inputs":[
		   
		],
		"name":"swapEnabled",
		"outputs":[
		   {
			  "internalType":"bool",
			  "name":"",
			  "type":"bool"
		   }
		],
		"stateMutability":"view",
		"type":"function"
	 },
	 {
		"inputs":[
		   
		],
		"name":"swapThreshold",
		"outputs":[
		   {
			  "internalType":"uint256",
			  "name":"",
			  "type":"uint256"
		   }
		],
		"stateMutability":"view",
		"type":"function"
	 },
	 {
		"inputs":[
		   
		],
		"name":"symbol",
		"outputs":[
		   {
			  "internalType":"string",
			  "name":"",
			  "type":"string"
		   }
		],
		"stateMutability":"pure",
		"type":"function"
	 },
	 {
		"inputs":[
		   
		],
		"name":"totalSupply",
		"outputs":[
		   {
			  "internalType":"uint256",
			  "name":"",
			  "type":"uint256"
		   }
		],
		"stateMutability":"view",
		"type":"function"
	 },
	 {
		"inputs":[
		   {
			  "internalType":"address",
			  "name":"recipient",
			  "type":"address"
		   },
		   {
			  "internalType":"uint256",
			  "name":"amount",
			  "type":"uint256"
		   }
		],
		"name":"transfer",
		"outputs":[
		   {
			  "internalType":"bool",
			  "name":"",
			  "type":"bool"
		   }
		],
		"stateMutability":"nonpayable",
		"type":"function"
	 },
	 {
		"inputs":[
		   {
			  "internalType":"address",
			  "name":"sender",
			  "type":"address"
		   },
		   {
			  "internalType":"address",
			  "name":"recipient",
			  "type":"address"
		   },
		   {
			  "internalType":"uint256",
			  "name":"amount",
			  "type":"uint256"
		   }
		],
		"name":"transferFrom",
		"outputs":[
		   {
			  "internalType":"bool",
			  "name":"",
			  "type":"bool"
		   }
		],
		"stateMutability":"nonpayable",
		"type":"function"
	 },
	 {
		"inputs":[
		   {
			  "internalType":"address payable",
			  "name":"adr",
			  "type":"address"
		   }
		],
		"name":"transferOwnership",
		"outputs":[
		   
		],
		"stateMutability":"nonpayable",
		"type":"function"
	 },
	 {
		"inputs":[
		   {
			  "internalType":"uint256",
			  "name":"amount",
			  "type":"uint256"
		   },
		   {
			  "internalType":"bool",
			  "name":"triggerBuybackMultiplier",
			  "type":"bool"
		   }
		],
		"name":"triggerZeusBuyback",
		"outputs":[
		   
		],
		"stateMutability":"nonpayable",
		"type":"function"
	 },
	 {
		"inputs":[
		   {
			  "internalType":"address",
			  "name":"holder",
			  "type":"address"
		   }
		],
		"name":"unSetFree",
		"outputs":[
		   
		],
		"stateMutability":"nonpayable",
		"type":"function"
	 },
	 {
		"inputs":[
		   {
			  "internalType":"address",
			  "name":"adr",
			  "type":"address"
		   }
		],
		"name":"unauthorize",
		"outputs":[
		   
		],
		"stateMutability":"nonpayable",
		"type":"function"
	 },
	 {
		"stateMutability":"payable",
		"type":"receive"
	 }
]